filename,label
181_076_077_015.mp4,fake
181_076_077_016.mp4,fake
181_076_077_017.mp4,fake
181_076_077_018.mp4,fake
181_076_077_019.mp4,fake
181_076_077_020.mp4,fake
181_076_077_021.mp4,fake
181_076_077_022.mp4,fake
181_076_077_023.mp4,fake
181_076_077_024.mp4,fake
181_076_077_025.mp4,fake
181_076_077_026.mp4,fake
181_076_077_027.mp4,fake
181_076_077_028.mp4,fake
181_076_077_029.mp4,fake
181_076_077_030.mp4,fake
181_076_077_031.mp4,fake
181_076_077_032.mp4,fake
181_076_077_033.mp4,fake
181_076_077_034.mp4,fake
181_076_077_035.mp4,fake
181_076_077_036.mp4,fake
181_076_077_037.mp4,fake
181_076_077_038.mp4,fake
181_076_077_039.mp4,fake
181_076_077_040.mp4,fake
181_076_077_041.mp4,fake
181_076_077_042.mp4,fake
181_076_077_043.mp4,fake
181_076_077_044.mp4,fake
181_076_077_045.mp4,fake
181_076_077_046.mp4,fake
181_076_077_047.mp4,fake
181_076_077_048.mp4,fake
181_076_077_049.mp4,fake
181_076_077_050.mp4,fake
181_076_077_051.mp4,fake
181_076_077_052.mp4,fake
181_076_077_053.mp4,fake
181_076_077_054.mp4,fake
181_076_077_055.mp4,fake
181_076_077_056.mp4,fake
181_076_077_057.mp4,fake
181_076_077_058.mp4,fake
181_076_077_059.mp4,fake
181_076_077_060.mp4,fake
181_076_077_061.mp4,fake
181_076_077_062.mp4,fake
181_076_077_063.mp4,fake
181_076_077_064.mp4,fake
181_076_077_065.mp4,fake
181_076_077_066.mp4,fake
181_076_077_067.mp4,fake
181_076_077_068.mp4,fake
181_076_077_069.mp4,fake
181_076_077_070.mp4,fake
181_076_077_071.mp4,fake
181_076_077_072.mp4,fake
181_076_077_073.mp4,fake
181_076_077_074.mp4,fake
181_076_077_075.mp4,fake
181_076_077_076.mp4,fake
181_076_077_077.mp4,fake
181_076_077_078.mp4,fake
181_076_077_079.mp4,fake
181_076_077_080.mp4,fake
181_076_077_081.mp4,fake
181_076_077_082.mp4,fake
181_076_077_083.mp4,fake
181_076_077_084.mp4,fake
181_076_077_085.mp4,fake
181_076_077_086.mp4,fake
181_076_077_087.mp4,fake
181_076_077_088.mp4,fake
181_076_077_089.mp4,fake
181_076_077_090.mp4,fake
181_076_077_091.mp4,fake
181_076_077_092.mp4,fake
181_076_077_093.mp4,fake
181_076_077_094.mp4,fake
181_076_077_095.mp4,fake
181_076_077_096.mp4,fake
181_076_077_097.mp4,fake
181_076_077_098.mp4,fake
181_076_077_099.mp4,fake
181_076_077_100.mp4,fake
181_076_077_101.mp4,fake
181_076_077_102.mp4,fake
181_076_077_103.mp4,fake
181_076_077_104.mp4,fake
181_076_077_105.mp4,fake
181_076_077_106.mp4,fake
181_076_077_107.mp4,fake
181_076_077_108.mp4,fake
181_076_077_109.mp4,fake
181_076_077_110.mp4,fake
181_076_077_111.mp4,fake
181_076_077_112.mp4,fake
181_076_077_113.mp4,fake
181_076_077_114.mp4,fake
181_076_077_115.mp4,fake
182_076_078_001.mp4,fake
182_076_078_002.mp4,fake
182_076_078_003.mp4,fake
182_076_078_004.mp4,fake
182_076_078_005.mp4,fake
182_076_078_006.mp4,fake
182_076_078_007.mp4,fake
182_076_078_008.mp4,fake
182_076_078_009.mp4,fake
182_076_078_010.mp4,fake
182_076_078_011.mp4,fake
182_076_078_012.mp4,fake
182_076_078_013.mp4,fake
182_076_078_014.mp4,fake
182_076_078_015.mp4,fake
182_076_078_016.mp4,fake
182_076_078_017.mp4,fake
182_076_078_018.mp4,fake
182_076_078_019.mp4,fake
182_076_078_020.mp4,fake
182_076_078_021.mp4,fake
182_076_078_022.mp4,fake
182_076_078_023.mp4,fake
182_076_078_024.mp4,fake
182_076_078_025.mp4,fake
182_076_078_026.mp4,fake
182_076_078_027.mp4,fake
182_076_078_028.mp4,fake
182_076_078_029.mp4,fake
182_076_078_030.mp4,fake
182_076_078_031.mp4,fake
182_076_078_032.mp4,fake
182_076_078_033.mp4,fake
182_076_078_034.mp4,fake
182_076_078_035.mp4,fake
182_076_078_036.mp4,fake
182_076_078_037.mp4,fake
182_076_078_038.mp4,fake
182_076_078_039.mp4,fake
182_076_078_040.mp4,fake
182_076_078_041.mp4,fake
182_076_078_042.mp4,fake
182_076_078_043.mp4,fake
182_076_078_044.mp4,fake
182_076_078_045.mp4,fake
182_076_078_046.mp4,fake
182_076_078_047.mp4,fake
182_076_078_048.mp4,fake
182_076_078_049.mp4,fake
182_076_078_050.mp4,fake
182_076_078_051.mp4,fake
182_076_078_052.mp4,fake
182_076_078_053.mp4,fake
182_076_078_054.mp4,fake
182_076_078_055.mp4,fake
182_076_078_056.mp4,fake
182_076_078_057.mp4,fake
182_076_078_058.mp4,fake
182_076_078_059.mp4,fake
182_076_078_060.mp4,fake
182_076_078_061.mp4,fake
182_076_078_062.mp4,fake
182_076_078_063.mp4,fake
182_076_078_064.mp4,fake
182_076_078_065.mp4,fake
182_076_078_066.mp4,fake
182_076_078_067.mp4,fake
182_076_078_068.mp4,fake
182_076_078_069.mp4,fake
182_076_078_070.mp4,fake
182_076_078_071.mp4,fake
182_076_078_072.mp4,fake
182_076_078_073.mp4,fake
182_076_078_074.mp4,fake
182_076_078_075.mp4,fake
182_076_078_076.mp4,fake
182_076_078_077.mp4,fake
182_076_078_078.mp4,fake
182_076_078_079.mp4,fake
182_076_078_080.mp4,fake
182_076_078_081.mp4,fake
182_076_078_082.mp4,fake
182_076_078_083.mp4,fake
182_076_078_084.mp4,fake
182_076_078_085.mp4,fake
182_076_078_086.mp4,fake
182_076_078_087.mp4,fake
182_076_078_088.mp4,fake
182_076_078_089.mp4,fake
182_076_078_090.mp4,fake
182_076_078_091.mp4,fake
182_076_078_092.mp4,fake
182_076_078_093.mp4,fake
182_076_078_094.mp4,fake
182_076_078_095.mp4,fake
182_076_078_096.mp4,fake
183_077_078_001.mp4,fake
183_077_078_002.mp4,fake
183_077_078_003.mp4,fake
183_077_078_004.mp4,fake
183_077_078_005.mp4,fake
183_077_078_006.mp4,fake
183_077_078_007.mp4,fake
183_077_078_008.mp4,fake
183_077_078_009.mp4,fake
183_077_078_010.mp4,fake
183_077_078_011.mp4,fake
183_077_078_012.mp4,fake
183_077_078_013.mp4,fake
183_077_078_014.mp4,fake
183_077_078_015.mp4,fake
183_077_078_016.mp4,fake
183_077_078_017.mp4,fake
183_077_078_018.mp4,fake
183_077_078_019.mp4,fake
183_077_078_020.mp4,fake
183_077_078_021.mp4,fake
183_077_078_022.mp4,fake
183_077_078_023.mp4,fake
183_077_078_024.mp4,fake
183_077_078_025.mp4,fake
183_077_078_026.mp4,fake
183_077_078_027.mp4,fake
183_077_078_028.mp4,fake
183_077_078_029.mp4,fake
183_077_078_030.mp4,fake
183_077_078_031.mp4,fake
183_077_078_032.mp4,fake
183_077_078_033.mp4,fake
183_077_078_034.mp4,fake
183_077_078_035.mp4,fake
183_077_078_036.mp4,fake
183_077_078_037.mp4,fake
183_077_078_038.mp4,fake
183_077_078_039.mp4,fake
183_077_078_040.mp4,fake
183_077_078_041.mp4,fake
183_077_078_042.mp4,fake
183_077_078_043.mp4,fake
183_077_078_044.mp4,fake
183_077_078_045.mp4,fake
183_077_078_046.mp4,fake
183_077_078_047.mp4,fake
183_077_078_048.mp4,fake
183_077_078_049.mp4,fake
183_077_078_050.mp4,fake
183_077_078_051.mp4,fake
183_077_078_052.mp4,fake
183_077_078_053.mp4,fake
183_077_078_054.mp4,fake
183_077_078_055.mp4,fake
183_077_078_056.mp4,fake
183_077_078_057.mp4,fake
183_077_078_058.mp4,fake
183_077_078_059.mp4,fake
183_077_078_060.mp4,fake
183_077_078_061.mp4,fake
183_077_078_062.mp4,fake
183_077_078_063.mp4,fake
183_077_078_064.mp4,fake
183_077_078_065.mp4,fake
183_077_078_066.mp4,fake
183_077_078_067.mp4,fake
183_077_078_068.mp4,fake
183_077_078_069.mp4,fake
183_077_078_070.mp4,fake
183_077_078_071.mp4,fake
183_077_078_072.mp4,fake
184_077_079_001.mp4,fake
184_077_079_002.mp4,fake
184_077_079_003.mp4,fake
184_077_079_004.mp4,fake
184_077_079_005.mp4,fake
184_077_079_006.mp4,fake
184_077_079_007.mp4,fake
184_077_079_008.mp4,fake
184_077_079_009.mp4,fake
184_077_079_010.mp4,fake
184_077_079_011.mp4,fake
184_077_079_012.mp4,fake
184_077_079_013.mp4,fake
184_077_079_014.mp4,fake
184_077_079_015.mp4,fake
184_077_079_016.mp4,fake
184_077_079_017.mp4,fake
184_077_079_018.mp4,fake
184_077_079_019.mp4,fake
184_077_079_020.mp4,fake
184_077_079_021.mp4,fake
184_077_079_022.mp4,fake
184_077_079_023.mp4,fake
184_077_079_024.mp4,fake
184_077_079_025.mp4,fake
184_077_079_026.mp4,fake
184_077_079_027.mp4,fake
184_077_079_028.mp4,fake
184_077_079_029.mp4,fake
184_077_079_030.mp4,fake
184_077_079_031.mp4,fake
184_077_079_032.mp4,fake
184_077_079_033.mp4,fake
184_077_079_034.mp4,fake
184_077_079_035.mp4,fake
184_077_079_036.mp4,fake
184_077_079_037.mp4,fake
184_077_079_038.mp4,fake
184_077_079_039.mp4,fake
184_077_079_040.mp4,fake
184_077_079_041.mp4,fake
184_077_079_042.mp4,fake
184_077_079_043.mp4,fake
184_077_079_044.mp4,fake
184_077_079_045.mp4,fake
184_077_079_046.mp4,fake
184_077_079_047.mp4,fake
184_077_079_048.mp4,fake
184_077_079_049.mp4,fake
184_077_079_050.mp4,fake
184_077_079_051.mp4,fake
184_077_079_052.mp4,fake
184_077_079_053.mp4,fake
184_077_079_054.mp4,fake
184_077_079_055.mp4,fake
184_077_079_056.mp4,fake
184_077_079_057.mp4,fake
184_077_079_058.mp4,fake
184_077_079_059.mp4,fake
184_077_079_060.mp4,fake
184_077_079_061.mp4,fake
184_077_079_062.mp4,fake
184_077_079_063.mp4,fake
184_077_079_064.mp4,fake
184_077_079_065.mp4,fake
184_077_079_066.mp4,fake
184_077_079_067.mp4,fake
184_077_079_068.mp4,fake
184_077_079_069.mp4,fake
184_077_079_070.mp4,fake
184_077_079_071.mp4,fake
184_077_079_072.mp4,fake
184_077_079_073.mp4,fake
184_077_079_074.mp4,fake
184_077_079_075.mp4,fake
184_077_079_076.mp4,fake
184_077_079_077.mp4,fake
184_077_079_078.mp4,fake
184_077_079_079.mp4,fake
184_077_079_080.mp4,fake
184_077_079_081.mp4,fake
184_077_079_082.mp4,fake
184_077_079_083.mp4,fake
184_077_079_084.mp4,fake
184_077_079_085.mp4,fake
184_077_079_086.mp4,fake
184_077_079_087.mp4,fake
184_077_079_088.mp4,fake
184_077_079_089.mp4,fake
184_077_079_090.mp4,fake
184_077_079_091.mp4,fake
184_077_079_092.mp4,fake
184_077_079_093.mp4,fake
184_077_079_094.mp4,fake
184_077_079_095.mp4,fake
185_078_067_001.mp4,fake
185_078_067_002.mp4,fake
185_078_067_003.mp4,fake
185_078_067_004.mp4,fake
185_078_067_005.mp4,fake
185_078_067_006.mp4,fake
185_078_067_007.mp4,fake
185_078_067_008.mp4,fake
185_078_067_009.mp4,fake
185_078_067_010.mp4,fake
185_078_067_011.mp4,fake
185_078_067_012.mp4,fake
185_078_067_013.mp4,fake
185_078_067_014.mp4,fake
185_078_067_015.mp4,fake
185_078_067_016.mp4,fake
185_078_067_017.mp4,fake
185_078_067_018.mp4,fake
185_078_067_019.mp4,fake
185_078_067_020.mp4,fake
185_078_067_021.mp4,fake
185_078_067_022.mp4,fake
185_078_067_023.mp4,fake
185_078_067_024.mp4,fake
185_078_067_025.mp4,fake
185_078_067_026.mp4,fake
185_078_067_027.mp4,fake
185_078_067_028.mp4,fake
185_078_067_029.mp4,fake
185_078_067_030.mp4,fake
185_078_067_031.mp4,fake
185_078_067_032.mp4,fake
185_078_067_033.mp4,fake
185_078_067_034.mp4,fake
185_078_067_035.mp4,fake
185_078_067_036.mp4,fake
185_078_067_037.mp4,fake
185_078_067_038.mp4,fake
185_078_067_039.mp4,fake
185_078_067_040.mp4,fake
185_078_067_041.mp4,fake
185_078_067_042.mp4,fake
185_078_067_043.mp4,fake
185_078_067_044.mp4,fake
185_078_067_045.mp4,fake
185_078_067_046.mp4,fake
185_078_067_047.mp4,fake
185_078_067_048.mp4,fake
185_078_067_049.mp4,fake
185_078_067_050.mp4,fake
185_078_067_051.mp4,fake
185_078_067_052.mp4,fake
185_078_067_053.mp4,fake
185_078_067_054.mp4,fake
185_078_067_055.mp4,fake
185_078_067_056.mp4,fake
185_078_067_057.mp4,fake
185_078_067_058.mp4,fake
185_078_067_059.mp4,fake
185_078_067_060.mp4,fake
185_078_067_061.mp4,fake
185_078_067_062.mp4,fake
185_078_067_063.mp4,fake
185_078_067_064.mp4,fake
185_078_067_065.mp4,fake
185_078_067_066.mp4,fake
185_078_067_067.mp4,fake
185_078_067_068.mp4,fake
185_078_067_069.mp4,fake
185_078_067_070.mp4,fake
185_078_067_071.mp4,fake
185_078_067_072.mp4,fake
185_078_067_073.mp4,fake
185_078_067_074.mp4,fake
185_078_067_075.mp4,fake
185_078_067_076.mp4,fake
185_078_067_077.mp4,fake
185_078_067_078.mp4,fake
185_078_067_079.mp4,fake
185_078_067_080.mp4,fake
185_078_067_081.mp4,fake
185_078_067_082.mp4,fake
185_078_067_083.mp4,fake
185_078_067_084.mp4,fake
185_078_067_085.mp4,fake
185_078_067_086.mp4,fake
185_078_067_087.mp4,fake
185_078_067_088.mp4,fake
185_078_067_089.mp4,fake
185_078_067_090.mp4,fake
185_078_067_091.mp4,fake
185_078_067_092.mp4,fake
185_078_067_093.mp4,fake
185_078_067_094.mp4,fake
185_078_067_095.mp4,fake
185_078_067_096.mp4,fake
186_079_053_001.mp4,fake
186_079_053_002.mp4,fake
186_079_053_003.mp4,fake
186_079_053_004.mp4,fake
186_079_053_005.mp4,fake
186_079_053_006.mp4,fake
186_079_053_007.mp4,fake
186_079_053_008.mp4,fake
186_079_053_009.mp4,fake
186_079_053_010.mp4,fake
186_079_053_011.mp4,fake
186_079_053_012.mp4,fake
186_079_053_013.mp4,fake
186_079_053_014.mp4,fake
186_079_053_015.mp4,fake
186_079_053_016.mp4,fake
186_079_053_017.mp4,fake
186_079_053_018.mp4,fake
186_079_053_019.mp4,fake
186_079_053_020.mp4,fake
186_079_053_021.mp4,fake
186_079_053_022.mp4,fake
186_079_053_023.mp4,fake
186_079_053_024.mp4,fake
186_079_053_025.mp4,fake
186_079_053_026.mp4,fake
186_079_053_027.mp4,fake
186_079_053_028.mp4,fake
186_079_053_029.mp4,fake
186_079_053_030.mp4,fake
186_079_053_031.mp4,fake
186_079_053_032.mp4,fake
186_079_053_033.mp4,fake
186_079_053_034.mp4,fake
186_079_053_035.mp4,fake
186_079_053_036.mp4,fake
186_079_053_037.mp4,fake
186_079_053_038.mp4,fake
186_079_053_039.mp4,fake
186_079_053_040.mp4,fake
186_079_053_041.mp4,fake
186_079_053_042.mp4,fake
186_079_053_043.mp4,fake
186_079_053_044.mp4,fake
186_079_053_045.mp4,fake
186_079_053_046.mp4,fake
186_079_053_047.mp4,fake
186_079_053_048.mp4,fake
186_079_053_049.mp4,fake
186_079_053_050.mp4,fake
186_079_053_051.mp4,fake
186_079_053_052.mp4,fake
186_079_053_053.mp4,fake
186_079_053_054.mp4,fake
186_079_053_055.mp4,fake
186_079_053_056.mp4,fake
186_079_053_057.mp4,fake
186_079_053_058.mp4,fake
186_079_053_059.mp4,fake
186_079_053_060.mp4,fake
186_079_053_061.mp4,fake
186_079_053_062.mp4,fake
186_079_053_063.mp4,fake
186_079_053_064.mp4,fake
186_079_053_065.mp4,fake
186_079_053_066.mp4,fake
186_079_053_067.mp4,fake
186_079_053_068.mp4,fake
186_079_053_069.mp4,fake
186_079_053_070.mp4,fake
186_079_053_071.mp4,fake
186_079_053_072.mp4,fake
186_079_053_073.mp4,fake
186_079_053_074.mp4,fake
186_079_053_075.mp4,fake
186_079_053_076.mp4,fake
186_079_053_077.mp4,fake
186_079_053_078.mp4,fake
186_079_053_079.mp4,fake
186_079_053_080.mp4,fake
186_079_053_081.mp4,fake
186_079_053_082.mp4,fake
186_079_053_083.mp4,fake
186_079_053_084.mp4,fake
186_079_053_085.mp4,fake
186_079_053_086.mp4,fake
186_079_053_087.mp4,fake
186_079_053_088.mp4,fake
186_079_053_089.mp4,fake
186_079_053_090.mp4,fake
186_079_053_091.mp4,fake
186_079_053_092.mp4,fake
186_079_053_093.mp4,fake
186_079_053_094.mp4,fake
186_079_053_095.mp4,fake
186_079_053_096.mp4,fake
187_079_077_001.mp4,fake
187_079_077_002.mp4,fake
187_079_077_003.mp4,fake
187_079_077_004.mp4,fake
187_079_077_005.mp4,fake
187_079_077_006.mp4,fake
187_079_077_007.mp4,fake
187_079_077_008.mp4,fake
187_079_077_009.mp4,fake
187_079_077_010.mp4,fake
187_079_077_011.mp4,fake
187_079_077_012.mp4,fake
187_079_077_013.mp4,fake
187_079_077_014.mp4,fake
187_079_077_015.mp4,fake
187_079_077_016.mp4,fake
187_079_077_017.mp4,fake
187_079_077_018.mp4,fake
187_079_077_019.mp4,fake
187_079_077_020.mp4,fake
187_079_077_021.mp4,fake
187_079_077_022.mp4,fake
187_079_077_023.mp4,fake
187_079_077_024.mp4,fake
187_079_077_025.mp4,fake
187_079_077_026.mp4,fake
187_079_077_027.mp4,fake
187_079_077_028.mp4,fake
187_079_077_029.mp4,fake
187_079_077_030.mp4,fake
187_079_077_031.mp4,fake
187_079_077_032.mp4,fake
187_079_077_033.mp4,fake
187_079_077_034.mp4,fake
187_079_077_035.mp4,fake
187_079_077_036.mp4,fake
187_079_077_037.mp4,fake
187_079_077_038.mp4,fake
187_079_077_039.mp4,fake
187_079_077_040.mp4,fake
187_079_077_041.mp4,fake
187_079_077_042.mp4,fake
187_079_077_043.mp4,fake
187_079_077_044.mp4,fake
187_079_077_045.mp4,fake
187_079_077_046.mp4,fake
187_079_077_047.mp4,fake
187_079_077_048.mp4,fake
187_079_077_049.mp4,fake
187_079_077_050.mp4,fake
187_079_077_051.mp4,fake
187_079_077_052.mp4,fake
187_079_077_053.mp4,fake
187_079_077_054.mp4,fake
187_079_077_055.mp4,fake
187_079_077_056.mp4,fake
187_079_077_057.mp4,fake
187_079_077_058.mp4,fake
187_079_077_059.mp4,fake
187_079_077_060.mp4,fake
187_079_077_061.mp4,fake
187_079_077_062.mp4,fake
187_079_077_063.mp4,fake
187_079_077_064.mp4,fake
187_079_077_065.mp4,fake
187_079_077_066.mp4,fake
187_079_077_067.mp4,fake
187_079_077_068.mp4,fake
187_079_077_069.mp4,fake
187_079_077_070.mp4,fake
187_079_077_071.mp4,fake
187_079_077_072.mp4,fake
187_079_077_073.mp4,fake
187_079_077_074.mp4,fake
187_079_077_075.mp4,fake
187_079_077_076.mp4,fake
187_079_077_077.mp4,fake
187_079_077_078.mp4,fake
187_079_077_079.mp4,fake
187_079_077_080.mp4,fake
187_079_077_081.mp4,fake
187_079_077_082.mp4,fake
187_079_077_083.mp4,fake
187_079_077_084.mp4,fake
187_079_077_085.mp4,fake
187_079_077_086.mp4,fake
187_079_077_087.mp4,fake
187_079_077_088.mp4,fake
187_079_077_089.mp4,fake
187_079_077_090.mp4,fake
187_079_077_091.mp4,fake
187_079_077_092.mp4,fake
187_079_077_093.mp4,fake
187_079_077_094.mp4,fake
187_079_077_095.mp4,fake
187_079_077_096.mp4,fake
188_080_047_001.mp4,fake
188_080_047_002.mp4,fake
188_080_047_003.mp4,fake
188_080_047_004.mp4,fake
188_080_047_005.mp4,fake
188_080_047_006.mp4,fake
188_080_047_007.mp4,fake
188_080_047_008.mp4,fake
188_080_047_009.mp4,fake
188_080_047_010.mp4,fake
188_080_047_011.mp4,fake
188_080_047_012.mp4,fake
188_080_047_013.mp4,fake
188_080_047_014.mp4,fake
188_080_047_015.mp4,fake
188_080_047_016.mp4,fake
188_080_047_017.mp4,fake
188_080_047_018.mp4,fake
188_080_047_019.mp4,fake
188_080_047_020.mp4,fake
188_080_047_021.mp4,fake
188_080_047_022.mp4,fake
188_080_047_023.mp4,fake
188_080_047_024.mp4,fake
188_080_047_025.mp4,fake
188_080_047_026.mp4,fake
188_080_047_027.mp4,fake
188_080_047_028.mp4,fake
188_080_047_029.mp4,fake
188_080_047_030.mp4,fake
188_080_047_031.mp4,fake
188_080_047_032.mp4,fake
188_080_047_033.mp4,fake
188_080_047_034.mp4,fake
188_080_047_035.mp4,fake
188_080_047_036.mp4,fake
188_080_047_037.mp4,fake
188_080_047_038.mp4,fake
188_080_047_039.mp4,fake
188_080_047_040.mp4,fake
188_080_047_041.mp4,fake
188_080_047_042.mp4,fake
188_080_047_043.mp4,fake
188_080_047_044.mp4,fake
188_080_047_045.mp4,fake
188_080_047_046.mp4,fake
188_080_047_047.mp4,fake
188_080_047_048.mp4,fake
188_080_047_049.mp4,fake
188_080_047_050.mp4,fake
188_080_047_051.mp4,fake
188_080_047_052.mp4,fake
188_080_047_053.mp4,fake
188_080_047_054.mp4,fake
188_080_047_055.mp4,fake
188_080_047_056.mp4,fake
188_080_047_057.mp4,fake
188_080_047_058.mp4,fake
188_080_047_059.mp4,fake
188_080_047_060.mp4,fake
188_080_047_061.mp4,fake
188_080_047_062.mp4,fake
188_080_047_063.mp4,fake
188_080_047_064.mp4,fake
188_080_047_065.mp4,fake
188_080_047_066.mp4,fake
188_080_047_067.mp4,fake
188_080_047_068.mp4,fake
188_080_047_069.mp4,fake
188_080_047_070.mp4,fake
188_080_047_071.mp4,fake
188_080_047_072.mp4,fake
188_080_047_073.mp4,fake
188_080_047_074.mp4,fake
188_080_047_075.mp4,fake
188_080_047_076.mp4,fake
188_080_047_077.mp4,fake
188_080_047_078.mp4,fake
188_080_047_079.mp4,fake
188_080_047_080.mp4,fake
188_080_047_081.mp4,fake
188_080_047_082.mp4,fake
188_080_047_083.mp4,fake
188_080_047_084.mp4,fake
188_080_047_085.mp4,fake
188_080_047_086.mp4,fake
188_080_047_087.mp4,fake
188_080_047_088.mp4,fake
188_080_047_089.mp4,fake
188_080_047_090.mp4,fake
188_080_047_091.mp4,fake
188_080_047_092.mp4,fake
188_080_047_093.mp4,fake
188_080_047_094.mp4,fake
188_080_047_095.mp4,fake
188_080_047_096.mp4,fake
189_081_068_001.mp4,fake
189_081_068_002.mp4,fake
189_081_068_003.mp4,fake
189_081_068_004.mp4,fake
189_081_068_005.mp4,fake
189_081_068_006.mp4,fake
189_081_068_007.mp4,fake
189_081_068_008.mp4,fake
189_081_068_009.mp4,fake
189_081_068_010.mp4,fake
189_081_068_011.mp4,fake
189_081_068_012.mp4,fake
189_081_068_013.mp4,fake
189_081_068_014.mp4,fake
189_081_068_015.mp4,fake
189_081_068_016.mp4,fake
189_081_068_017.mp4,fake
189_081_068_018.mp4,fake
189_081_068_019.mp4,fake
189_081_068_020.mp4,fake
189_081_068_021.mp4,fake
189_081_068_022.mp4,fake
189_081_068_023.mp4,fake
189_081_068_024.mp4,fake
189_081_068_025.mp4,fake
189_081_068_026.mp4,fake
189_081_068_027.mp4,fake
189_081_068_028.mp4,fake
189_081_068_029.mp4,fake
189_081_068_030.mp4,fake
189_081_068_031.mp4,fake
189_081_068_032.mp4,fake
189_081_068_033.mp4,fake
189_081_068_034.mp4,fake
189_081_068_035.mp4,fake
189_081_068_036.mp4,fake
189_081_068_037.mp4,fake
189_081_068_038.mp4,fake
189_081_068_039.mp4,fake
189_081_068_040.mp4,fake
189_081_068_041.mp4,fake
189_081_068_042.mp4,fake
189_081_068_043.mp4,fake
189_081_068_044.mp4,fake
189_081_068_045.mp4,fake
189_081_068_046.mp4,fake
189_081_068_047.mp4,fake
189_081_068_048.mp4,fake
189_081_068_049.mp4,fake
189_081_068_050.mp4,fake
189_081_068_051.mp4,fake
189_081_068_052.mp4,fake
189_081_068_053.mp4,fake
189_081_068_054.mp4,fake
189_081_068_055.mp4,fake
189_081_068_056.mp4,fake
189_081_068_057.mp4,fake
189_081_068_058.mp4,fake
189_081_068_059.mp4,fake
189_081_068_060.mp4,fake
190_082_083_001.mp4,fake
190_082_083_002.mp4,fake
190_082_083_003.mp4,fake
190_082_083_004.mp4,fake
190_082_083_005.mp4,fake
190_082_083_006.mp4,fake
190_082_083_007.mp4,fake
190_082_083_008.mp4,fake
190_082_083_009.mp4,fake
190_082_083_010.mp4,fake
190_082_083_011.mp4,fake
190_082_083_012.mp4,fake
190_082_083_013.mp4,fake
190_082_083_014.mp4,fake
190_082_083_015.mp4,fake
190_082_083_016.mp4,fake
190_082_083_017.mp4,fake
190_082_083_018.mp4,fake
190_082_083_019.mp4,fake
190_082_083_020.mp4,fake
190_082_083_021.mp4,fake
190_082_083_022.mp4,fake
190_082_083_023.mp4,fake
190_082_083_024.mp4,fake
190_082_083_025.mp4,fake
190_082_083_026.mp4,fake
190_082_083_027.mp4,fake
190_082_083_028.mp4,fake
190_082_083_029.mp4,fake
190_082_083_030.mp4,fake
190_082_083_031.mp4,fake
190_082_083_032.mp4,fake
190_082_083_033.mp4,fake
190_082_083_034.mp4,fake
190_082_083_035.mp4,fake
190_082_083_036.mp4,fake
190_082_083_037.mp4,fake
190_082_083_038.mp4,fake
190_082_083_039.mp4,fake
190_082_083_040.mp4,fake
190_082_083_041.mp4,fake
190_082_083_042.mp4,fake
190_082_083_043.mp4,fake
190_082_083_044.mp4,fake
190_082_083_045.mp4,fake
190_082_083_046.mp4,fake
190_082_083_047.mp4,fake
190_082_083_048.mp4,fake
190_082_083_049.mp4,fake
190_082_083_050.mp4,fake
190_082_083_051.mp4,fake
190_082_083_052.mp4,fake
190_082_083_053.mp4,fake
190_082_083_054.mp4,fake
190_082_083_055.mp4,fake
190_082_083_056.mp4,fake
190_082_083_057.mp4,fake
190_082_083_058.mp4,fake
190_082_083_059.mp4,fake
190_082_083_060.mp4,fake
190_082_083_061.mp4,fake
190_082_083_062.mp4,fake
190_082_083_063.mp4,fake
190_082_083_064.mp4,fake
190_082_083_065.mp4,fake
190_082_083_066.mp4,fake
190_082_083_067.mp4,fake
190_082_083_068.mp4,fake
190_082_083_069.mp4,fake
190_082_083_070.mp4,fake
190_082_083_071.mp4,fake
190_082_083_072.mp4,fake
190_082_083_073.mp4,fake
190_082_083_074.mp4,fake
190_082_083_075.mp4,fake
190_082_083_076.mp4,fake
190_082_083_077.mp4,fake
190_082_083_078.mp4,fake
190_082_083_079.mp4,fake
190_082_083_080.mp4,fake
190_082_083_081.mp4,fake
190_082_083_082.mp4,fake
190_082_083_083.mp4,fake
191_083_082_001.mp4,fake
191_083_082_002.mp4,fake
191_083_082_003.mp4,fake
191_083_082_004.mp4,fake
191_083_082_005.mp4,fake
191_083_082_006.mp4,fake
191_083_082_007.mp4,fake
191_083_082_008.mp4,fake
191_083_082_009.mp4,fake
191_083_082_010.mp4,fake
191_083_082_011.mp4,fake
191_083_082_012.mp4,fake
191_083_082_013.mp4,fake
191_083_082_014.mp4,fake
191_083_082_015.mp4,fake
191_083_082_016.mp4,fake
191_083_082_017.mp4,fake
191_083_082_018.mp4,fake
191_083_082_019.mp4,fake
191_083_082_020.mp4,fake
191_083_082_021.mp4,fake
191_083_082_022.mp4,fake
191_083_082_023.mp4,fake
191_083_082_024.mp4,fake
191_083_082_025.mp4,fake
191_083_082_026.mp4,fake
191_083_082_027.mp4,fake
191_083_082_028.mp4,fake
191_083_082_029.mp4,fake
191_083_082_030.mp4,fake
191_083_082_031.mp4,fake
191_083_082_032.mp4,fake
191_083_082_033.mp4,fake
191_083_082_034.mp4,fake
191_083_082_035.mp4,fake
191_083_082_036.mp4,fake
191_083_082_037.mp4,fake
191_083_082_038.mp4,fake
191_083_082_039.mp4,fake
191_083_082_040.mp4,fake
191_083_082_041.mp4,fake
191_083_082_042.mp4,fake
191_083_082_043.mp4,fake
191_083_082_044.mp4,fake
191_083_082_045.mp4,fake
191_083_082_046.mp4,fake
191_083_082_047.mp4,fake
191_083_082_048.mp4,fake
191_083_082_049.mp4,fake
191_083_082_050.mp4,fake
191_083_082_051.mp4,fake
191_083_082_052.mp4,fake
191_083_082_053.mp4,fake
191_083_082_054.mp4,fake
191_083_082_055.mp4,fake
191_083_082_056.mp4,fake
191_083_082_057.mp4,fake
191_083_082_058.mp4,fake
191_083_082_059.mp4,fake
191_083_082_060.mp4,fake
191_083_082_061.mp4,fake
191_083_082_062.mp4,fake
191_083_082_063.mp4,fake
191_083_082_064.mp4,fake
191_083_082_065.mp4,fake
191_083_082_066.mp4,fake
191_083_082_067.mp4,fake
191_083_082_068.mp4,fake
191_083_082_069.mp4,fake
191_083_082_070.mp4,fake
191_083_082_071.mp4,fake
191_083_082_072.mp4,fake
191_083_082_073.mp4,fake
191_083_082_074.mp4,fake
191_083_082_075.mp4,fake
191_083_082_076.mp4,fake
191_083_082_077.mp4,fake
191_083_082_078.mp4,fake
191_083_082_079.mp4,fake
191_083_082_080.mp4,fake
192_083_082_001.mp4,fake
192_083_082_002.mp4,fake
192_083_082_003.mp4,fake
192_083_082_004.mp4,fake
192_083_082_005.mp4,fake
192_083_082_006.mp4,fake
192_083_082_007.mp4,fake
192_083_082_008.mp4,fake
192_083_082_009.mp4,fake
192_083_082_010.mp4,fake
192_083_082_011.mp4,fake
192_083_082_012.mp4,fake
192_083_082_013.mp4,fake
192_083_082_014.mp4,fake
192_083_082_015.mp4,fake
192_083_082_016.mp4,fake
192_083_082_017.mp4,fake
192_083_082_018.mp4,fake
192_083_082_019.mp4,fake
192_083_082_020.mp4,fake
192_083_082_021.mp4,fake
192_083_082_022.mp4,fake
192_083_082_023.mp4,fake
192_083_082_024.mp4,fake
192_083_082_025.mp4,fake
192_083_082_026.mp4,fake
192_083_082_027.mp4,fake
192_083_082_028.mp4,fake
192_083_082_029.mp4,fake
192_083_082_030.mp4,fake
192_083_082_031.mp4,fake
192_083_082_032.mp4,fake
192_083_082_033.mp4,fake
192_083_082_034.mp4,fake
192_083_082_035.mp4,fake
192_083_082_036.mp4,fake
192_083_082_037.mp4,fake
192_083_082_038.mp4,fake
192_083_082_039.mp4,fake
192_083_082_040.mp4,fake
192_083_082_041.mp4,fake
192_083_082_042.mp4,fake
192_083_082_043.mp4,fake
192_083_082_044.mp4,fake
192_083_082_045.mp4,fake
192_083_082_046.mp4,fake
192_083_082_047.mp4,fake
192_083_082_048.mp4,fake
192_083_082_049.mp4,fake
192_083_082_050.mp4,fake
192_083_082_051.mp4,fake
192_083_082_052.mp4,fake
192_083_082_053.mp4,fake
192_083_082_054.mp4,fake
192_083_082_055.mp4,fake
192_083_082_056.mp4,fake
192_083_082_057.mp4,fake
192_083_082_058.mp4,fake
192_083_082_059.mp4,fake
192_083_082_060.mp4,fake
192_083_082_061.mp4,fake
192_083_082_062.mp4,fake
192_083_082_063.mp4,fake
192_083_082_064.mp4,fake
192_083_082_065.mp4,fake
192_083_082_066.mp4,fake
192_083_082_067.mp4,fake
192_083_082_068.mp4,fake
192_083_082_069.mp4,fake
192_083_082_070.mp4,fake
192_083_082_071.mp4,fake
192_083_082_072.mp4,fake
192_083_082_073.mp4,fake
192_083_082_074.mp4,fake
192_083_082_075.mp4,fake
192_083_082_076.mp4,fake
192_083_082_077.mp4,fake
192_083_082_078.mp4,fake
192_083_082_079.mp4,fake
192_083_082_080.mp4,fake
044_087.mp4,real
044_088.mp4,real
044_089.mp4,real
044_090.mp4,real
044_091.mp4,real
044_092.mp4,real
044_093.mp4,real
044_094.mp4,real
044_095.mp4,real
044_096.mp4,real
044_097.mp4,real
044_098.mp4,real
044_099.mp4,real
044_100.mp4,real
044_101.mp4,real
044_102.mp4,real
044_103.mp4,real
044_104.mp4,real
044_105.mp4,real
044_106.mp4,real
044_107.mp4,real
044_108.mp4,real
044_109.mp4,real
044_110.mp4,real
044_111.mp4,real
044_112.mp4,real
044_113.mp4,real
044_114.mp4,real
044_115.mp4,real
044_116.mp4,real
044_117.mp4,real
044_118.mp4,real
044_119.mp4,real
044_120.mp4,real
044_121.mp4,real
044_122.mp4,real
044_123.mp4,real
044_124.mp4,real
044_125.mp4,real
044_126.mp4,real
044_127.mp4,real
044_128.mp4,real
044_129.mp4,real
044_130.mp4,real
044_131.mp4,real
044_132.mp4,real
044_133.mp4,real
044_134.mp4,real
044_135.mp4,real
044_136.mp4,real
044_137.mp4,real
044_138.mp4,real
044_139.mp4,real
044_140.mp4,real
044_141.mp4,real
044_142.mp4,real
044_143.mp4,real
044_144.mp4,real
044_145.mp4,real
044_146.mp4,real
044_147.mp4,real
044_148.mp4,real
044_149.mp4,real
044_150.mp4,real
044_151.mp4,real
044_152.mp4,real
044_153.mp4,real
044_154.mp4,real
044_155.mp4,real
044_156.mp4,real
044_157.mp4,real
044_158.mp4,real
044_159.mp4,real
044_160.mp4,real
044_161.mp4,real
044_162.mp4,real
044_163.mp4,real
044_164.mp4,real
044_165.mp4,real
044_166.mp4,real
044_167.mp4,real
044_168.mp4,real
044_169.mp4,real
044_170.mp4,real
044_171.mp4,real
044_172.mp4,real
044_173.mp4,real
044_174.mp4,real
044_175.mp4,real
044_176.mp4,real
044_177.mp4,real
044_178.mp4,real
044_179.mp4,real
044_180.mp4,real
044_181.mp4,real
044_182.mp4,real
044_183.mp4,real
044_184.mp4,real
044_185.mp4,real
044_186.mp4,real
044_187.mp4,real
044_188.mp4,real
044_189.mp4,real
044_190.mp4,real
044_191.mp4,real
044_192.mp4,real
044_193.mp4,real
044_194.mp4,real
044_195.mp4,real
044_196.mp4,real
044_197.mp4,real
044_198.mp4,real
044_199.mp4,real
044_200.mp4,real
044_201.mp4,real
044_202.mp4,real
044_203.mp4,real
044_204.mp4,real
044_205.mp4,real
044_206.mp4,real
044_207.mp4,real
044_208.mp4,real
044_209.mp4,real
044_210.mp4,real
044_211.mp4,real
044_212.mp4,real
044_213.mp4,real
044_214.mp4,real
044_215.mp4,real
044_216.mp4,real
044_217.mp4,real
044_218.mp4,real
044_219.mp4,real
044_220.mp4,real
044_221.mp4,real
044_222.mp4,real
044_223.mp4,real
044_224.mp4,real
044_225.mp4,real
044_226.mp4,real
044_227.mp4,real
044_228.mp4,real
044_229.mp4,real
044_230.mp4,real
044_231.mp4,real
044_232.mp4,real
044_233.mp4,real
044_234.mp4,real
044_235.mp4,real
044_236.mp4,real
044_237.mp4,real
044_238.mp4,real
044_239.mp4,real
044_240.mp4,real
044_241.mp4,real
044_242.mp4,real
044_243.mp4,real
044_244.mp4,real
044_245.mp4,real
044_246.mp4,real
044_247.mp4,real
044_248.mp4,real
044_249.mp4,real
044_250.mp4,real
044_251.mp4,real
044_252.mp4,real
044_253.mp4,real
044_254.mp4,real
044_255.mp4,real
044_256.mp4,real
044_257.mp4,real
044_258.mp4,real
044_259.mp4,real
044_260.mp4,real
044_261.mp4,real
044_262.mp4,real
044_263.mp4,real
044_264.mp4,real
044_265.mp4,real
044_266.mp4,real
044_267.mp4,real
044_268.mp4,real
044_269.mp4,real
044_270.mp4,real
044_271.mp4,real
044_272.mp4,real
044_273.mp4,real
044_274.mp4,real
044_275.mp4,real
044_276.mp4,real
044_277.mp4,real
044_278.mp4,real
044_279.mp4,real
044_280.mp4,real
044_281.mp4,real
044_282.mp4,real
044_283.mp4,real
044_284.mp4,real
044_285.mp4,real
044_286.mp4,real
044_287.mp4,real
044_288.mp4,real
044_289.mp4,real
044_290.mp4,real
044_291.mp4,real
044_292.mp4,real
044_293.mp4,real
044_294.mp4,real
044_295.mp4,real
044_296.mp4,real
044_297.mp4,real
044_298.mp4,real
044_299.mp4,real
044_300.mp4,real
044_301.mp4,real
044_302.mp4,real
044_303.mp4,real
044_304.mp4,real
044_305.mp4,real
044_306.mp4,real
044_307.mp4,real
044_308.mp4,real
044_309.mp4,real
044_310.mp4,real
044_311.mp4,real
044_312.mp4,real
044_313.mp4,real
044_314.mp4,real
044_315.mp4,real
044_316.mp4,real
044_317.mp4,real
044_318.mp4,real
044_319.mp4,real
044_320.mp4,real
044_321.mp4,real
044_322.mp4,real
044_323.mp4,real
044_324.mp4,real
044_325.mp4,real
044_326.mp4,real
045_001.mp4,real
045_002.mp4,real
045_003.mp4,real
045_004.mp4,real
045_005.mp4,real
045_006.mp4,real
045_007.mp4,real
045_008.mp4,real
045_009.mp4,real
045_010.mp4,real
045_011.mp4,real
045_012.mp4,real
045_013.mp4,real
045_014.mp4,real
045_015.mp4,real
045_016.mp4,real
045_017.mp4,real
045_018.mp4,real
045_019.mp4,real
045_020.mp4,real
045_021.mp4,real
045_022.mp4,real
045_023.mp4,real
045_024.mp4,real
045_025.mp4,real
045_026.mp4,real
045_027.mp4,real
045_028.mp4,real
045_029.mp4,real
045_030.mp4,real
045_031.mp4,real
045_032.mp4,real
045_033.mp4,real
045_034.mp4,real
045_035.mp4,real
045_036.mp4,real
045_037.mp4,real
045_038.mp4,real
045_039.mp4,real
045_040.mp4,real
045_041.mp4,real
045_042.mp4,real
045_043.mp4,real
045_044.mp4,real
045_045.mp4,real
045_046.mp4,real
045_047.mp4,real
045_048.mp4,real
045_049.mp4,real
045_050.mp4,real
045_051.mp4,real
045_052.mp4,real
045_053.mp4,real
045_054.mp4,real
045_055.mp4,real
045_056.mp4,real
045_057.mp4,real
045_058.mp4,real
045_059.mp4,real
045_060.mp4,real
045_061.mp4,real
045_062.mp4,real
045_063.mp4,real
045_064.mp4,real
045_065.mp4,real
045_066.mp4,real
045_067.mp4,real
045_068.mp4,real
045_069.mp4,real
045_070.mp4,real
045_071.mp4,real
045_072.mp4,real
045_073.mp4,real
045_074.mp4,real
045_075.mp4,real
045_076.mp4,real
045_077.mp4,real
045_078.mp4,real
045_079.mp4,real
045_080.mp4,real
045_081.mp4,real
045_082.mp4,real
045_083.mp4,real
045_084.mp4,real
045_085.mp4,real
045_086.mp4,real
045_087.mp4,real
045_088.mp4,real
045_089.mp4,real
045_090.mp4,real
045_091.mp4,real
045_092.mp4,real
045_093.mp4,real
045_094.mp4,real
045_095.mp4,real
045_096.mp4,real
045_097.mp4,real
045_098.mp4,real
045_099.mp4,real
045_100.mp4,real
045_101.mp4,real
045_102.mp4,real
045_103.mp4,real
045_104.mp4,real
045_105.mp4,real
045_106.mp4,real
045_107.mp4,real
045_108.mp4,real
045_109.mp4,real
045_110.mp4,real
045_111.mp4,real
045_112.mp4,real
045_113.mp4,real
045_114.mp4,real
045_115.mp4,real
045_116.mp4,real
045_117.mp4,real
045_118.mp4,real
045_119.mp4,real
045_120.mp4,real
045_121.mp4,real
045_122.mp4,real
045_123.mp4,real
045_124.mp4,real
045_125.mp4,real
045_126.mp4,real
045_127.mp4,real
045_128.mp4,real
045_129.mp4,real
045_130.mp4,real
045_131.mp4,real
045_132.mp4,real
045_133.mp4,real
045_134.mp4,real
045_135.mp4,real
045_136.mp4,real
045_137.mp4,real
045_138.mp4,real
045_139.mp4,real
045_140.mp4,real
045_141.mp4,real
045_142.mp4,real
045_143.mp4,real
045_144.mp4,real
045_145.mp4,real
045_146.mp4,real
045_147.mp4,real
045_148.mp4,real
045_149.mp4,real
045_150.mp4,real
045_151.mp4,real
045_152.mp4,real
045_153.mp4,real
045_154.mp4,real
045_155.mp4,real
045_156.mp4,real
045_157.mp4,real
045_158.mp4,real
045_159.mp4,real
045_160.mp4,real
045_161.mp4,real
045_162.mp4,real
045_163.mp4,real
045_164.mp4,real
045_165.mp4,real
045_166.mp4,real
045_167.mp4,real
045_168.mp4,real
045_169.mp4,real
045_170.mp4,real
045_171.mp4,real
045_172.mp4,real
045_173.mp4,real
045_174.mp4,real
045_175.mp4,real
045_176.mp4,real
045_177.mp4,real
045_178.mp4,real
045_179.mp4,real
045_180.mp4,real
045_181.mp4,real
045_182.mp4,real
045_183.mp4,real
045_184.mp4,real
045_185.mp4,real
045_186.mp4,real
045_187.mp4,real
045_188.mp4,real
045_189.mp4,real
045_190.mp4,real
045_191.mp4,real
045_192.mp4,real
045_193.mp4,real
045_194.mp4,real
045_195.mp4,real
045_196.mp4,real
045_197.mp4,real
045_198.mp4,real
045_199.mp4,real
045_200.mp4,real
045_201.mp4,real
045_202.mp4,real
045_203.mp4,real
045_204.mp4,real
045_205.mp4,real
045_206.mp4,real
045_207.mp4,real
045_208.mp4,real
045_209.mp4,real
045_210.mp4,real
045_211.mp4,real
045_212.mp4,real
045_213.mp4,real
045_214.mp4,real
045_215.mp4,real
045_216.mp4,real
045_217.mp4,real
045_218.mp4,real
045_219.mp4,real
045_220.mp4,real
045_221.mp4,real
045_222.mp4,real
045_223.mp4,real
045_224.mp4,real
045_225.mp4,real
045_226.mp4,real
045_227.mp4,real
045_228.mp4,real
045_229.mp4,real
045_230.mp4,real
045_231.mp4,real
045_232.mp4,real
045_233.mp4,real
045_234.mp4,real
045_235.mp4,real
045_236.mp4,real
045_237.mp4,real
045_238.mp4,real
045_239.mp4,real
045_240.mp4,real
045_241.mp4,real
045_242.mp4,real
045_243.mp4,real
045_244.mp4,real
045_245.mp4,real
045_246.mp4,real
046_001.mp4,real
046_002.mp4,real
046_003.mp4,real
046_004.mp4,real
046_005.mp4,real
046_006.mp4,real
046_007.mp4,real
046_008.mp4,real
046_009.mp4,real
046_010.mp4,real
046_011.mp4,real
046_012.mp4,real
046_013.mp4,real
046_014.mp4,real
046_015.mp4,real
046_016.mp4,real
046_017.mp4,real
046_018.mp4,real
046_019.mp4,real
046_020.mp4,real
046_021.mp4,real
046_022.mp4,real
046_023.mp4,real
046_024.mp4,real
046_025.mp4,real
046_026.mp4,real
046_027.mp4,real
046_028.mp4,real
046_029.mp4,real
046_030.mp4,real
046_031.mp4,real
046_032.mp4,real
046_033.mp4,real
046_034.mp4,real
046_035.mp4,real
046_036.mp4,real
046_037.mp4,real
046_038.mp4,real
046_039.mp4,real
046_040.mp4,real
046_041.mp4,real
046_042.mp4,real
046_043.mp4,real
046_044.mp4,real
046_045.mp4,real
046_046.mp4,real
046_047.mp4,real
046_048.mp4,real
046_049.mp4,real
046_050.mp4,real
046_051.mp4,real
046_052.mp4,real
046_053.mp4,real
046_054.mp4,real
046_055.mp4,real
046_056.mp4,real
046_057.mp4,real
046_058.mp4,real
046_059.mp4,real
046_060.mp4,real
046_061.mp4,real
046_062.mp4,real
046_063.mp4,real
046_064.mp4,real
046_065.mp4,real
046_066.mp4,real
046_067.mp4,real
046_068.mp4,real
046_069.mp4,real
046_070.mp4,real
046_071.mp4,real
046_072.mp4,real
046_073.mp4,real
046_074.mp4,real
046_075.mp4,real
046_076.mp4,real
046_077.mp4,real
046_078.mp4,real
046_079.mp4,real
046_080.mp4,real
046_081.mp4,real
046_082.mp4,real
046_083.mp4,real
046_084.mp4,real
046_085.mp4,real
046_086.mp4,real
046_087.mp4,real
046_088.mp4,real
046_089.mp4,real
046_090.mp4,real
046_091.mp4,real
046_092.mp4,real
046_093.mp4,real
046_094.mp4,real
046_095.mp4,real
046_096.mp4,real
046_097.mp4,real
046_098.mp4,real
046_099.mp4,real
046_100.mp4,real
046_101.mp4,real
046_102.mp4,real
046_103.mp4,real
046_104.mp4,real
046_105.mp4,real
046_106.mp4,real
046_107.mp4,real
046_108.mp4,real
046_109.mp4,real
046_110.mp4,real
046_111.mp4,real
046_112.mp4,real
046_113.mp4,real
046_114.mp4,real
046_115.mp4,real
046_116.mp4,real
046_117.mp4,real
046_118.mp4,real
046_119.mp4,real
046_120.mp4,real
046_121.mp4,real
046_122.mp4,real
046_123.mp4,real
046_124.mp4,real
046_125.mp4,real
046_126.mp4,real
046_127.mp4,real
046_128.mp4,real
046_129.mp4,real
046_130.mp4,real
046_131.mp4,real
046_132.mp4,real
046_133.mp4,real
046_134.mp4,real
046_135.mp4,real
046_136.mp4,real
046_137.mp4,real
046_138.mp4,real
046_139.mp4,real
046_140.mp4,real
046_141.mp4,real
046_142.mp4,real
046_143.mp4,real
046_144.mp4,real
046_145.mp4,real
046_146.mp4,real
046_147.mp4,real
046_148.mp4,real
046_149.mp4,real
046_150.mp4,real
046_151.mp4,real
046_152.mp4,real
046_153.mp4,real
046_154.mp4,real
046_155.mp4,real
046_156.mp4,real
046_157.mp4,real
046_158.mp4,real
046_159.mp4,real
046_160.mp4,real
046_161.mp4,real
046_162.mp4,real
046_163.mp4,real
046_164.mp4,real
046_165.mp4,real
046_166.mp4,real
046_167.mp4,real
046_168.mp4,real
046_169.mp4,real
046_170.mp4,real
046_171.mp4,real
046_172.mp4,real
046_173.mp4,real
046_174.mp4,real
046_175.mp4,real
046_176.mp4,real
046_177.mp4,real
046_178.mp4,real
046_179.mp4,real
046_180.mp4,real
046_181.mp4,real
046_182.mp4,real
046_183.mp4,real
046_184.mp4,real
046_185.mp4,real
046_186.mp4,real
046_187.mp4,real
046_188.mp4,real
046_189.mp4,real
046_190.mp4,real
046_191.mp4,real
046_192.mp4,real
046_193.mp4,real
046_194.mp4,real
046_195.mp4,real
046_196.mp4,real
046_197.mp4,real
046_198.mp4,real
046_199.mp4,real
046_200.mp4,real
046_201.mp4,real
046_202.mp4,real
046_203.mp4,real
046_204.mp4,real
046_205.mp4,real
046_206.mp4,real
046_207.mp4,real
046_208.mp4,real
046_209.mp4,real
046_210.mp4,real
046_211.mp4,real
046_212.mp4,real
046_213.mp4,real
046_214.mp4,real
046_215.mp4,real
046_216.mp4,real
046_217.mp4,real
046_218.mp4,real
046_219.mp4,real
046_220.mp4,real
046_221.mp4,real
046_222.mp4,real
046_223.mp4,real
046_224.mp4,real
046_225.mp4,real
046_226.mp4,real
046_227.mp4,real
046_228.mp4,real
046_229.mp4,real
046_230.mp4,real
046_231.mp4,real
046_232.mp4,real
046_233.mp4,real
046_234.mp4,real
046_235.mp4,real
046_236.mp4,real
046_237.mp4,real
046_238.mp4,real
046_239.mp4,real
046_240.mp4,real
046_241.mp4,real
046_242.mp4,real
046_243.mp4,real
046_244.mp4,real
046_245.mp4,real
046_246.mp4,real
046_247.mp4,real
046_248.mp4,real
046_249.mp4,real
046_250.mp4,real
046_251.mp4,real
046_252.mp4,real
046_253.mp4,real
046_254.mp4,real
046_255.mp4,real
046_256.mp4,real
046_257.mp4,real
046_258.mp4,real
046_259.mp4,real
046_260.mp4,real
046_261.mp4,real
046_262.mp4,real
046_263.mp4,real
046_264.mp4,real
046_265.mp4,real
046_266.mp4,real
046_267.mp4,real
046_268.mp4,real
046_269.mp4,real
046_270.mp4,real
046_271.mp4,real
046_272.mp4,real
046_273.mp4,real
046_274.mp4,real
046_275.mp4,real
046_276.mp4,real
046_277.mp4,real
046_278.mp4,real
046_279.mp4,real
046_280.mp4,real
046_281.mp4,real
046_282.mp4,real
046_283.mp4,real
046_284.mp4,real
046_285.mp4,real
047_001.mp4,real
047_002.mp4,real
047_003.mp4,real
047_004.mp4,real
047_005.mp4,real
047_006.mp4,real
047_007.mp4,real
047_008.mp4,real
047_009.mp4,real
047_010.mp4,real
047_011.mp4,real
047_012.mp4,real
047_013.mp4,real
047_014.mp4,real
047_015.mp4,real
047_016.mp4,real
047_017.mp4,real
047_018.mp4,real
047_019.mp4,real
047_020.mp4,real
047_021.mp4,real
047_022.mp4,real
047_023.mp4,real
047_024.mp4,real
047_025.mp4,real
047_026.mp4,real
047_027.mp4,real
047_028.mp4,real
047_029.mp4,real
047_030.mp4,real
047_031.mp4,real
047_032.mp4,real
047_033.mp4,real
047_034.mp4,real
047_035.mp4,real
047_036.mp4,real
047_037.mp4,real
047_038.mp4,real
047_039.mp4,real
047_040.mp4,real
047_041.mp4,real
047_042.mp4,real
047_043.mp4,real
047_044.mp4,real
047_045.mp4,real
047_046.mp4,real
047_047.mp4,real
047_048.mp4,real
047_049.mp4,real
047_050.mp4,real
047_051.mp4,real
047_052.mp4,real
047_053.mp4,real
047_054.mp4,real
047_055.mp4,real
047_056.mp4,real
047_057.mp4,real
047_058.mp4,real
047_059.mp4,real
047_060.mp4,real
047_061.mp4,real
047_062.mp4,real
047_063.mp4,real
047_064.mp4,real
047_065.mp4,real
047_066.mp4,real
047_067.mp4,real
047_068.mp4,real
047_069.mp4,real
047_070.mp4,real
047_071.mp4,real
047_072.mp4,real
047_073.mp4,real
047_074.mp4,real
047_075.mp4,real
047_076.mp4,real
047_077.mp4,real
047_078.mp4,real
047_079.mp4,real
047_080.mp4,real
047_081.mp4,real
047_082.mp4,real
047_083.mp4,real
047_084.mp4,real
047_085.mp4,real
047_086.mp4,real
047_087.mp4,real
047_088.mp4,real
047_089.mp4,real
047_090.mp4,real
047_091.mp4,real
047_092.mp4,real
047_093.mp4,real
047_094.mp4,real
047_095.mp4,real
047_096.mp4,real
047_097.mp4,real
047_098.mp4,real
047_099.mp4,real
047_100.mp4,real
047_101.mp4,real
047_102.mp4,real
047_103.mp4,real
047_104.mp4,real
047_105.mp4,real
047_106.mp4,real
047_107.mp4,real
047_108.mp4,real
047_109.mp4,real
047_110.mp4,real
047_111.mp4,real
047_112.mp4,real
047_113.mp4,real
047_114.mp4,real
047_115.mp4,real
047_116.mp4,real
047_117.mp4,real
047_118.mp4,real
047_119.mp4,real
047_120.mp4,real
047_121.mp4,real
047_122.mp4,real
047_123.mp4,real
047_124.mp4,real
047_125.mp4,real
047_126.mp4,real
047_127.mp4,real
047_128.mp4,real
047_129.mp4,real
047_130.mp4,real
047_131.mp4,real
047_132.mp4,real
047_133.mp4,real
047_134.mp4,real
047_135.mp4,real
047_136.mp4,real
047_137.mp4,real
047_138.mp4,real
047_139.mp4,real
047_140.mp4,real
047_141.mp4,real
047_142.mp4,real
047_143.mp4,real
047_144.mp4,real
047_145.mp4,real
047_146.mp4,real
047_147.mp4,real
047_148.mp4,real
047_149.mp4,real
047_150.mp4,real
047_151.mp4,real
047_152.mp4,real
047_153.mp4,real
047_154.mp4,real
047_155.mp4,real
047_156.mp4,real
047_157.mp4,real
047_158.mp4,real
047_159.mp4,real
047_160.mp4,real
047_161.mp4,real
047_162.mp4,real
047_163.mp4,real
047_164.mp4,real
047_165.mp4,real
047_166.mp4,real
047_167.mp4,real
047_168.mp4,real
047_169.mp4,real
047_170.mp4,real
047_171.mp4,real
047_172.mp4,real
047_173.mp4,real
047_174.mp4,real
047_175.mp4,real
047_176.mp4,real
047_177.mp4,real
047_178.mp4,real
047_179.mp4,real
047_180.mp4,real
047_181.mp4,real
047_182.mp4,real
047_183.mp4,real
047_184.mp4,real
047_185.mp4,real
047_186.mp4,real
047_187.mp4,real
047_188.mp4,real
047_189.mp4,real
047_190.mp4,real
047_191.mp4,real
047_192.mp4,real
047_193.mp4,real
047_194.mp4,real
047_195.mp4,real
047_196.mp4,real
047_197.mp4,real
047_198.mp4,real
047_199.mp4,real
047_200.mp4,real
047_201.mp4,real
047_202.mp4,real
047_203.mp4,real
047_204.mp4,real
047_205.mp4,real
047_206.mp4,real
047_207.mp4,real
047_208.mp4,real
047_209.mp4,real
047_210.mp4,real
047_211.mp4,real
047_212.mp4,real
047_213.mp4,real
047_214.mp4,real
047_215.mp4,real
047_216.mp4,real
047_217.mp4,real
047_218.mp4,real
047_219.mp4,real
047_220.mp4,real
047_221.mp4,real
047_222.mp4,real
047_223.mp4,real
047_224.mp4,real
047_225.mp4,real
047_226.mp4,real
047_227.mp4,real
047_228.mp4,real
047_229.mp4,real
